﻿<styles>
  <global>
    <!-- 	
			GLOBAL STYLE ENTRIES
				Any entry in global is accessible by [name] example: value="[white]" 
				These values are also accessible from window and control xml files 
				as long as this style file is included in a window file.
		-->
    <!--NAMED COLORS-->
    <style_entry name="limeGreen" value="222,255,163,255" />
    <style_entry name="tan" value="182,166,123,255" />
    <style_entry name="beige" value="222,206,163" />
    <style_entry name="borderColor" value="0,0,0" />
    <style_entry name="darkestGrey" value="32,32,32" />
    <style_entry name="darkGrey" value="64,64,64" />
    <style_entry name="mediumGrey" value="96,96,96" />
    <style_entry name="lightGrey" value="128,128,128" />
    <style_entry name="lightestGrey" value="160,160,160" />
    <style_entry name="white" value="255,255,255" />
    <style_entry name="black" value="0,0,0" />
    <style_entry name="red" value="255,0,0" />
    <style_entry name="green" value="0,255,0" />
    <style_entry name="gold" value="255,216,0" />
    <style_entry name="yellow" value="255,255,0" />
    <style_entry name="transparent" value="0,0,0,0" />
    <style_entry name="white_half_alpha" value="255,255,255,128" />
    <style_entry name="mediumGrey_half_alpha" value="96,96,96,128" />
    <style_entry name="darkGrey_half_alpha" value="64,64,64,128" />
    <style_entry name="black_half_alpha" value="0,0,0,128" />
    <style_entry name="black_threequarters_alpha" value="0,0,0,191" />
    <style_entry name="white_quarter_alpha" value="255,255,255,192" />
    <style_entry name="iconColor" value="255,255,255" />
    <style_entry name="labelColor" value="255,255,255" />
    <style_entry name="selectedColor" value="222,206,163" />
    <style_entry name="hoverColor" value="250,255,163" />
    <style_entry name="disabledColor" value="160,160,160" />
    <style_entry name="disabledLabelColor" value="160,160,160" />
    <!--NAMED SPRITES-->
    <style_entry name="default_sprite" value="menu_empty" />
    <!--NAMED SOUNDS-->
    <style_entry name="default_click" value="@:Sounds/UI/ui_menu_click.wav" />
    <style_entry name="default_hover" value="@:Sounds/UI/ui_hover.wav" />
    <style_entry name="start" value="@:Sounds/UI/ui_menu_start.wav" />
    <style_entry name="back" value="@:Sounds/UI/ui_menu_back.wav" />
    <style_entry name="craft_click" value="@:Sounds/Crafting/craft_click_craft.wav" />
    <style_entry name="paging_click" value="@:Sounds/UI/ui_tab.wav" />
    <style_entry name="recipe_click" value="@:Sounds/Crafting/craft_click_recipe.wav" />
    <style_entry name="pickup_click" value="@:Sounds/Crafting/craft_take_item.wav" />
    <style_entry name="place_click" value="@:Sounds/Crafting/craft_place_item.wav" />
    <style_entry name="remove_waypoint" value="@:Sounds/UI/ui_waypoint_delete.wav" />
  </global>
  <!--LABELS-->
  <style type="label">
    <style_entry name="color" value="[labelColor]" />
    <style_entry name="font_face" value="ReferenceFont" />
    <style_entry name="font_size" value="28" />
    <style_entry name="justify" value="left" />
    <style_entry name="effect" value="none" />
    <style_entry name="pivot" value="topleft" />
    <style_entry name="text" value="" />
    <style_entry name="upper_case" value="false" />
  </style>
  <style type="label" name="outline">
    <style_entry name="effect" value="outline" />
    <style_entry name="effect_color" value="[black]" />
    <style_entry name="effect_distance" value="1,1" />
  </style>
  <style type="textlist">
    <style_entry name="color" value="[labelColor]" />
    <style_entry name="font_face" value="ReferenceFont" />
    <style_entry name="font_size" value="28" />
    <style_entry name="justify" value="left" />
    <style_entry name="effect" value="none" />
    <style_entry name="pivot" value="topleft" />
    <style_entry name="text" value="" />
    <style_entry name="upper_case" value="false" />
  </style>
  <style type="label" name="protection">
    <style_entry name="width" value="50" />
    <style_entry name="height" value="28" />
    <style_entry name="font_size" value="26" />
  </style>
  <style type="label" name="icon30px">
    <style_entry name="width" value="30" />
    <style_entry name="height" value="30" />
  </style>
  <style type="label" name="subtitle">
    <style_entry name="font_size" value="36" />
    <style_entry name="effect" value="shadow" />
    <style_entry name="overflow" value="resizeheight" />
  </style>
  <!--SPRITES-->
  <style type="filledsprite">
    <style_entry name="atlas" value="UIAtlas" />
    <style_entry name="sprite" value="[default_sprite]" />
    <style_entry name="color" value="[white]" />
  </style>
  <style type="sprite">
    <style_entry name="atlas" value="UIAtlas" />
    <style_entry name="sprite" value="[default_sprite]" />
    <style_entry name="color" value="[white]" />
  </style>
  <style type="sprite" name="protection">
    <style_entry name="color" value="[iconColor]" />
    <style_entry name="width" value="26" />
    <style_entry name="height" value="26" />
    <style_entry name="foregroundlayer" value="true" />
  </style>
  <style type="sprite" name="icon48px">
    <style_entry name="color" value="[iconColor]" />
    <style_entry name="width" value="48" />
    <style_entry name="height" value="48" />
    <style_entry name="foregroundlayer" value="true" />
  </style>
  <style type="sprite" name="icon32px">
    <style_entry name="color" value="[iconColor]" />
    <style_entry name="width" value="32" />
    <style_entry name="height" value="32" />
    <style_entry name="foregroundlayer" value="true" />
  </style>
  <style type="sprite" name="icon30px">
    <style_entry name="color" value="[iconColor]" />
    <style_entry name="width" value="30" />
    <style_entry name="height" value="30" />
    <style_entry name="foregroundlayer" value="true" />
  </style>
  <style type="sprite" name="icon22px">
    <style_entry name="color" value="[iconColor]" />
    <style_entry name="width" value="22" />
    <style_entry name="height" value="22" />
    <style_entry name="foregroundlayer" value="true" />
  </style>
  <!--BUTTONS-->
  <style type="button">
    <style_entry name="atlas" value="UIAtlas" />
    <style_entry name="sprite" value="[default_sprite]" />
    <style_entry name="defaultcolor" value="[iconColor]" />
    <style_entry name="hovercolor" value="[hoverColor]" />
    <style_entry name="selectedcolor" value="[selectedColor]" />
    <style_entry name="hoverscale" value="1.25" />
  </style>
  <style type="button" name="icon32px">
    <style_entry name="width" value="32" />
    <style_entry name="height" value="32" />
    <style_entry name="foregroundlayer" value="true" />
  </style>
  <style type="button" name="icon30px">
    <style_entry name="width" value="30" />
    <style_entry name="height" value="30" />
    <style_entry name="foregroundlayer" value="true" />
  </style>
  <style type="button" name="icon22px">
    <style_entry name="width" value="22" />
    <style_entry name="height" value="22" />
    <style_entry name="foregroundlayer" value="true" />
  </style>
  <!--ITEM STACKS-->
  <style name="itemStack">
    <style_entry name="select_color" value="[beige]" />
    <style_entry name="press_color" value="[limeGreen]" />
    <style_entry name="final_pressed_color" value="[lightGrey]" />
    <style_entry name="background_color" value="[mediumGrey]" />
    <style_entry name="highlight_color" value="[hoverColor]" />
    <style_entry name="holding_color" value="[white]" />
    <style_entry name="width" value="75" />
    <style_entry name="height" value="75" />
    <style_entry name="hover_icon_grow" value="1.5" />
    <style_entry name="on_press" value="true" />
    <style_entry name="sound_volume" value="0.75" />
    <style_entry name="pickup_sound" value="[pickup_click]" />
    <style_entry name="place_sound" value="[place_click]" />
  </style>
  <style name="vehicleStack">
    <style_entry name="background_color" value="[darkGrey]" />
    <style_entry name="highlight_color" value="[lightGrey]" />
    <style_entry name="width" value="374" />
    <style_entry name="height" value="58" />
    <style_entry name="hover_icon_grow" value="1.5" />
    <style_entry name="on_press" value="true" />
    <style_entry name="sound_volume" value="0.75" />
    <style_entry name="pickup_sound" value="[pickup_click]" />
    <style_entry name="place_sound" value="[place_click]" />
  </style>
  <style name="itemPartStack">
    <style_entry name="background_color" value="[darkGrey]" />
    <style_entry name="highlight_color" value="[mediumGrey]" />
    <style_entry name="width" value="374" />
    <style_entry name="height" value="58" />
    <style_entry name="hover_icon_grow" value="1.5" />
    <style_entry name="on_press" value="true" />
    <style_entry name="sound_volume" value="0.75" />
    <style_entry name="pickup_sound" value="[pickup_click]" />
    <style_entry name="place_sound" value="[place_click]" />
  </style>
  <!--USER INTERACTION-->
  <style name="press">
    <style_entry name="on_press" value="true" />
    <style_entry name="sound" value="[default_click]" />
    <style_entry name="sound_play_on_press" value="true" />
    <style_entry name="sound_volume" value="0.75" />
  </style>
  <style name="doubleclick">
    <style_entry name="on_doubleclick" value="true" />
  </style>
  <style name="hover">
    <style_entry name="on_hover" value="true" />
  </style>
  <style name="scroll">
    <style_entry name="on_scroll" value="true" />
  </style>
  <style name="select">
    <style_entry name="on_select" value="true" />
  </style>
  <style name="drag">
    <style_entry name="on_drag" value="true" />
  </style>
  <style name="held">
    <style_entry name="on_held" value="true" />
  </style>
  <style name="header.panel" type="panel">
    <style_entry name="name" value="header" />
    <style_entry name="height" value="43" />
    <style_entry name="depth" value="1" />
    <style_entry name="backgroundspritename" value="ui_game_panel_header" />
  </style>
  <style name="header.icon" type="sprite">
    <style_entry name="name" value="windowIcon" />
    <style_entry name="depth" value="2" />
    <style_entry name="pos" value="5,-5" />
    <style_entry name="size" value="32,32" />
  </style>
  <style name="header.name" type="label">
    <style_entry name="name" value="windowName" />
    <style_entry name="depth" value="2" />
    <style_entry name="pos" value="45,-6" />
    <style_entry name="size" value="250,32" />
    <style_entry name="font_size" value="32" />
    <style_entry name="upper_case" value="false" />
    <style_entry name="justify" value="left" />
  </style>
  <style name="header.name.shrink" type="label">
    <style_entry name="name" value="windowName" />
    <style_entry name="depth" value="2" />
    <style_entry name="pos" value="130,-22" />
    <style_entry name="size" value="180,32" />
    <style_entry name="font_size" value="32" />
    <style_entry name="upper_case" value="false" />
    <style_entry name="justify" value="left" />
    <style_entry name="pivot" value="center" />
    <style_entry name="overflow" value="shrinkcontent" />
  </style>
  <!--Shrink content for when an icon or timer is to the right of the label-->
  <style name="header.name.iconright" type="label">
    <style_entry name="name" value="windowName" />
    <style_entry name="depth" value="2" />
    <style_entry name="pos" value="42,-6" />
    <style_entry name="size" value="120,32" />
    <style_entry name="font_size" value="32" />
    <style_entry name="upper_case" value="false" />
    <style_entry name="overflow" value="shrinkcontent" />
  </style>
  <style name="header.timer" type="label">
    <style_entry name="name" value="burnTimeLeft" />
    <style_entry name="depth" value="2" />
    <style_entry name="size" value="128,28" />
    <style_entry name="text" value="00:00" />
    <style_entry name="font_size" value="26" />
    <style_entry name="justify" value="right" />
    <style_entry name="pivot" value="right" />
    <style_entry name="pos" value="220,-23" />
  </style>
  <!--PAGING WINDOW-->
  <style name="paging.window" type="window">
    <style_entry name="pos" value="-300,-9" />
    <style_entry name="size" value="600,43" />
    <style_entry name="anchor" value="CenterTop" />
    <style_entry name="normal_color" value="[iconColor]" />
    <style_entry name="select_color" value="[selectedColor]" />
    <style_entry name="hover_color" value="[lightGrey]" />
  </style>
  <!--PAGING WINDOW TITLE-->
  <style name="paging.window.name" type="label">
    <style_entry name="depth" value="4" />
    <style_entry name="font_size" value="36" />
    <style_entry name="pivot" value="center" />
    <style_entry name="justify" value="center" />
    <style_entry name="pos" value="300,-23" />
    <style_entry name="name" value="lblWindowName" />
    <style_entry name="upper_case" value="true" />
  </style>
  <!--PAGING WINDOW BACKGROUND-->
  <style name="paging.window.background.border" type="sprite">
    <style_entry name="depth" value="0" />
    <style_entry name="sprite" value="ui_game_header_fill" />
    <style_entry name="type" value="sliced" />
    <style_entry name="color" value="[black]" />
  </style>
  <style name="paging.window.background" type="sprite">
    <style_entry name="depth" value="1" />
    <style_entry name="sprite" value="ui_game_header_fill" />
    <style_entry name="type" value="sliced" />
    <style_entry name="size" value="594,37" />
    <style_entry name="pos" value="3,-3" />
    <style_entry name="color" value="[lightGrey]" />
  </style>
  <style name="paging.window.name.background" type="sprite">
    <style_entry name="depth" value="2" />
    <style_entry name="sprite" value="ui_game_header_insert" />
    <style_entry name="type" value="sliced" />
    <style_entry name="pivot" value="center" />
    <style_entry name="size" value="200,38" />
    <style_entry name="pos" value="300,-21" />
    <style_entry name="color" value="[black]" />
  </style>
  <style name="paging.window.name.foreground" type="sprite">
    <style_entry name="depth" value="3" />
    <style_entry name="sprite" value="ui_game_header_fill_gradient" />
    <style_entry name="type" value="sliced" />
    <style_entry name="pivot" value="center" />
    <style_entry name="size" value="200,38" />
    <style_entry name="pos" value="300,-21" />
    <style_entry name="color" value="[white_half_alpha]" />
  </style>
  <!--PAGING WINDOW ICONS-->
  <style name="paging.window.icon" type="button">
    <style_entry name="sound" value="[paging_click]" />
    <style_entry name="depth" value="3" />
    <style_entry name="width" value="32" />
    <style_entry name="height" value="32" />
    <style_entry name="hoverscale" value="1.25" />
    <style_entry name="collider_scale" value="1.5" />
    <style_entry name="pivot" value="center" />
  </style>
  <style name="nonpaging.window" type="window">
    <style_entry name="pos" value="-200,-9" />
    <style_entry name="size" value="400,43" />
    <style_entry name="anchor" value="CenterTop" />
  </style>
  <style name="nonpaging.window.background" type="sprite">
    <style_entry name="depth" value="1" />
    <style_entry name="sprite" value="ui_game_header_fill" />
    <style_entry name="type" value="sliced" />
    <style_entry name="size" value="394,37" />
    <style_entry name="pos" value="3,-3" />
    <style_entry name="color" value="[lightGrey]" />
  </style>
  <style name="nonpaging.window.name.background" type="sprite">
    <style_entry name="depth" value="2" />
    <style_entry name="sprite" value="ui_game_header_insert" />
    <style_entry name="type" value="sliced" />
    <style_entry name="pivot" value="center" />
    <style_entry name="size" value="250,38" />
    <style_entry name="pos" value="200,-21" />
    <style_entry name="color" value="[black]" />
  </style>
  <style name="nonpaging.window.name.foreground" type="sprite">
    <style_entry name="depth" value="3" />
    <style_entry name="sprite" value="ui_game_header_fill_gradient" />
    <style_entry name="type" value="sliced" />
    <style_entry name="pivot" value="center" />
    <style_entry name="size" value="200,38" />
    <style_entry name="pos" value="200,-21" />
    <style_entry name="color" value="[white_half_alpha]" />
  </style>
  <style name="nonpaging.window.name" type="label">
    <style_entry name="depth" value="4" />
    <style_entry name="font_size" value="36" />
    <style_entry name="pivot" value="center" />
    <style_entry name="justify" value="center" />
    <style_entry name="pos" value="200,-22" />
    <style_entry name="name" value="lblWindowName" />
  </style>
  <!-- TWITCH PAGING WINDOW -->
  <style name="twitch.paging.window" type="window">
    <style_entry name="pos" value="-225,-9" />
    <style_entry name="size" value="450,43" />
    <style_entry name="anchor" value="CenterTop" />
    <style_entry name="normal_color" value="[iconColor]" />
    <style_entry name="select_color" value="[selectedColor]" />
    <style_entry name="hover_color" value="[lightGrey]" />
  </style>
  <style name="twitch.paging.window.background" type="sprite">
    <style_entry name="depth" value="1" />
    <style_entry name="sprite" value="ui_game_header_fill" />
    <style_entry name="type" value="sliced" />
    <style_entry name="size" value="444,37" />
    <style_entry name="pos" value="3,-3" />
    <style_entry name="color" value="[lightGrey]" />
  </style>
  <style name="twitch.paging.window.name.background" type="sprite">
    <style_entry name="depth" value="2" />
    <style_entry name="sprite" value="ui_game_header_insert" />
    <style_entry name="type" value="sliced" />
    <style_entry name="pivot" value="center" />
    <style_entry name="size" value="250,38" />
    <style_entry name="pos" value="225,-21" />
    <style_entry name="color" value="[black]" />
  </style>
  <style name="twitch.paging.window.name.foreground" type="sprite">
    <style_entry name="depth" value="3" />
    <style_entry name="sprite" value="ui_game_header_fill_gradient" />
    <style_entry name="type" value="sliced" />
    <style_entry name="pivot" value="center" />
    <style_entry name="size" value="250,38" />
    <style_entry name="pos" value="225,-21" />
    <style_entry name="color" value="[white_half_alpha]" />
  </style>
  <style name="twitch.paging.window.name" type="label">
    <style_entry name="depth" value="4" />
    <style_entry name="font_size" value="36" />
    <style_entry name="pivot" value="center" />
    <style_entry name="justify" value="center" />
    <style_entry name="pos" value="225,-23" />
    <style_entry name="name" value="lblWindowName" />
    <style_entry name="upper_case" value="true" />
  </style>
  <style name="workstation.reserve.name" type="label">
    <style_entry name="depth" value="2" />
    <style_entry name="height" value="24" />
    <style_entry name="width" value="53" />
  </style>
  <style name="workstation.reserve.weight" type="label">
    <style_entry name="depth" value="2" />
    <style_entry name="height" value="24" />
    <style_entry name="width" value="74" />
    <style_entry name="color" value="[beige]" />
  </style>
  <style name="crafting.info.window" type="window">
    <style_entry name="valid_color" value="[green]" />
    <style_entry name="invalid_color" value="[red]" />
    <style_entry name="valid_sprite" value="ui_game_symbol_check" />
    <style_entry name="invalid_sprite" value="ui_game_symbol_x" />
    <style_entry name="width" value="603" />
    <style_entry name="height" value="400" />
  </style>
  <style name="Outlined_Text" type="label">
    <!--Element appended by: "Jakmeister999_Enhanced_HUD_V2"-->
    <style_entry name="crispness" value="OnDesktop" />
    <style_entry name="effect" value="outline" />
    <style_entry name="effect_distance" value="1,1" />
    <style_entry name="effect_color" value="20,20,20,180" />
  </style>
</styles>