﻿<?xml version="1.0" encoding="UTF-8"?>
<persistentplayerdata>
  <player platform="EOS" userid="0002c4f5fe314d4f85b05ecaa1a03318" nativeplatform="Steam" nativeuserid="76561198068555635" playername="Reck" playgroup="Standalone" lastlogin="2025-11-17 02:01:45" position="177,47,1390">
    <acl platform="EOS" userid="0002d928105847ff827dd2c9611b75ca" />
    <lpblock pos="-405,37,464" />
    <bedroll pos="-402,44,461" />
    <questpositions>
      <position id="-370204897" positiondatatype="4" pos="-125,44,169" />
      <position id="-370204897" positiondatatype="0" pos="-310,39,424" />
      <position id="-370204897" positiondatatype="1" pos="-125,44,169" />
    </questpositions>
  </player>
  <player platform="EOS" userid="0002d928105847ff827dd2c9611b75ca" nativeplatform="Steam" nativeuserid="76561199194011892" playername="bruno.ultramari" playgroup="Standalone" lastlogin="2025-11-16 23:37:20" position="-403,40,537">
    <acl platform="EOS" userid="0002c4f5fe314d4f85b05ecaa1a03318" />
    <bedroll pos="-403,44,461" />
    <questpositions>
      <position id="544010021" positiondatatype="4" pos="627,46,376" />
      <position id="-489312959" positiondatatype="4" pos="-73,43,475" />
      <position id="-489312959" positiondatatype="0" pos="-310,39,424" />
      <position id="-489312959" positiondatatype="1" pos="-73,43,475" />
    </questpositions>
  </player>
  <player platform="EOS" userid="000286f07dab4ec39dcd541cc5e6f322" nativeplatform="XBL" nativeuserid="A7BFA2FEAA9BC5CC889D3692E956FFFD246BD574" playername="CriCarp23" playgroup="Standalone" lastlogin="2025-11-16 15:20:33" position="-479,28,-915">
    <acl platform="EOS" userid="0002354a7df542eaa3a1d264f54cd5f1" />
    <acl platform="EOS" userid="00024991bb5f4c82aa534879beb09a90" />
    <lpblock pos="-475,40,-901" />
    <bedroll pos="-461,29,-907" />
  </player>
  <player platform="EOS" userid="0002354a7df542eaa3a1d264f54cd5f1" nativeplatform="XBL" nativeuserid="46584E1F94938AE50EF496AB4283BFAF33105E43" playername="lompardo420" playgroup="Standalone" lastlogin="2025-11-16 04:27:06" position="-536,42,-766">
    <acl platform="EOS" userid="000286f07dab4ec39dcd541cc5e6f322" />
  </player>
  <player platform="EOS" userid="00029de299e342d1ad04157279745455" nativeplatform="Steam" nativeuserid="76561198094526880" playername="GUSTAVO MEREHJ" playgroup="Standalone" lastlogin="2025-11-16 04:54:33" position="183,47,1394">
    <backpack id="1559" pos="183,47,1394" timestamp="10219" />
  </player>
  <player platform="EOS" userid="00024991bb5f4c82aa534879beb09a90" nativeplatform="XBL" nativeuserid="9231C44A5822F125A6B1C9974F91C18D8CE92831" playername="Ezebj2211" playgroup="Standalone" lastlogin="2025-11-16 15:13:46" position="589,42,-1039">
    <acl platform="EOS" userid="000286f07dab4ec39dcd541cc5e6f322" />
    <questpositions>
      <position id="-101166904" positiondatatype="2" pos="559,43,-937" />
      <position id="-101166904" positiondatatype="0" pos="590,39,-926" />
    </questpositions>
  </player>
</persistentplayerdata>